{"cameraMode":{"drawMode":0,"name":"Shaded","section":"Shading Mode"},"sceneLighting":true,"audioPlay":false,"sceneViewState":{"m_AlwaysRefresh":false,"showFog":true,"showSkybox":true,"showFlares":true,"showImageEffects":true,"showParticleSystems":true,"showVisualEffectGraphs":true,"m_FxEnabled":true},"in2DMode":false,"pivot":{"x":13.567790985107422,"y":25.55803871154785,"z":21.476821899414064},"rotation":{"x":-0.045921653509140018,"y":0.3874005675315857,"z":-0.019253190606832506,"w":-0.920687198638916},"size":77.21905517578125,"orthographic":false}